City_ID,City,Country,Date,Lat,Lng,Max Temp,Humidity,Cloudiness,Wind Speed
0,Arraial Do Cabo,BR,2021-10-03 06:39:20,-22.9661,-42.0278,71.28,86,70,3.24
1,Mataura,NZ,2021-10-03 06:39:20,-46.1927,168.8643,49.48,84,100,3.18
2,East London,ZA,2021-10-03 06:35:09,-33.0153,27.9116,58.14,47,0,16.11
3,Zhigansk,RU,2021-10-03 06:39:21,66.7697,123.3711,34.92,60,31,7.63
4,Rocha,UY,2021-10-03 06:39:22,-34.4833,-54.3333,49.35,87,99,5.7
5,Iqaluit,CA,2021-10-03 06:39:22,63.7506,-68.5145,28.13,93,1,3.44
6,Bluff,NZ,2021-10-03 06:39:22,-46.6,168.3333,49.8,79,100,13.98
7,Qaanaaq,GL,2021-10-03 06:39:23,77.484,-69.3632,31.19,95,100,13.76
8,Reconquista,AR,2021-10-03 06:39:23,-29.15,-59.65,63.12,73,94,17.9
9,Liverpool,GB,2021-10-03 06:36:30,53.4106,-2.9779,48.52,84,40,7.0
10,Lata,PT,2021-10-03 06:39:24,40.1629,-8.3327,59.41,93,100,8.84
11,Bilma,NE,2021-10-03 06:39:24,18.6853,12.9164,83.46,18,0,8.9
12,Kannangad,IN,2021-10-03 06:39:25,12.3081,75.1063,82.98,81,74,7.76
13,Busselton,AU,2021-10-03 06:39:25,-33.65,115.3333,64.04,49,50,13.71
14,Mamlyutka,KZ,2021-10-03 06:39:26,54.9375,68.5394,41.02,67,100,10.67
15,Cape Town,ZA,2021-10-03 06:39:26,-33.9258,18.4232,57.09,69,75,1.14
16,Hilo,US,2021-10-03 06:36:35,19.7297,-155.09,75.25,89,40,0.0
17,Yulara,AU,2021-10-03 06:39:27,-25.2406,130.9889,80.44,16,0,9.22
18,Port Alfred,ZA,2021-10-03 06:39:27,-33.5906,26.891,58.69,55,82,20.0
19,Albany,US,2021-10-03 06:36:22,42.6001,-73.9662,59.81,90,76,2.62
20,Hamilton,US,2021-10-03 06:36:55,39.1834,-84.5333,71.4,90,90,1.99
21,Havoysund,NO,2021-10-03 06:39:28,70.9963,24.6622,50.88,71,2,29.53
22,Vanavara,RU,2021-10-03 06:39:29,60.34,102.2797,39.65,70,100,7.9
23,Port Elizabeth,ZA,2021-10-03 06:39:29,-33.918,25.5701,57.09,62,0,16.11
24,Saint-Joseph,RE,2021-10-03 06:39:29,-21.3667,55.6167,77.38,66,30,11.07
25,Manama,BH,2021-10-03 06:34:40,26.2154,50.5832,93.38,65,20,5.75
26,Ushuaia,AR,2021-10-03 06:39:30,-54.8,-68.3,37.06,81,40,5.75
27,Nemuro,JP,2021-10-03 06:39:30,43.3236,145.575,64.83,75,6,10.96
28,Saint-Georges,GD,2021-10-03 06:39:31,12.0564,-61.7485,83.88,70,20,11.5
29,Punta Arenas,CL,2021-10-03 06:37:34,-53.15,-70.9167,41.11,87,75,8.05
30,Ilulissat,GL,2021-10-03 06:39:31,69.2167,-51.1,26.62,54,100,4.61
31,Ponta Do Sol,PT,2021-10-03 06:39:32,32.6667,-17.1,70.72,80,34,5.46
32,Chokurdakh,RU,2021-10-03 06:39:32,70.6333,147.9167,23.83,96,97,9.55
33,Port Hedland,AU,2021-10-03 06:39:33,-20.3167,118.5667,86.05,21,5,14.97
34,Fortuna,US,2021-10-03 06:39:33,40.5982,-124.1573,55.42,72,90,1.01
35,Kloulklubed,PW,2021-10-03 06:39:34,7.0419,134.2556,86.5,75,27,12.39
36,Olafsvik,IS,2021-10-03 06:39:34,64.8945,-23.7142,40.23,78,100,31.36
37,Barrow,US,2021-10-03 06:39:35,71.2906,-156.7887,26.62,80,40,11.5
38,Hobart,AU,2021-10-03 06:38:43,-42.8794,147.3294,64.11,84,40,9.22
39,Srednekolymsk,RU,2021-10-03 06:39:35,67.45,153.6833,23.11,88,83,7.09
40,Klyuchi,RU,2021-10-03 06:39:36,52.2667,79.1667,43.34,43,100,10.47
41,Vaini,TO,2021-10-03 06:39:36,-21.2,-175.2,73.56,88,75,11.5
42,Kimbe,PG,2021-10-03 06:39:37,-5.5502,150.1429,84.29,70,100,2.71
43,Sao Filipe,CV,2021-10-03 06:39:37,14.8961,-24.4956,79.54,78,38,2.89
44,Ribeira Grande,PT,2021-10-03 06:39:37,38.5167,-28.7,70.2,88,40,0.0
45,Kathu,TH,2021-10-03 06:39:38,7.9178,98.3332,88.7,73,88,5.79
46,Jamestown,US,2021-10-03 06:37:40,42.097,-79.2353,64.08,87,90,6.91
47,New Norfolk,AU,2021-10-03 06:39:38,-42.7826,147.0587,63.75,65,68,1.61
48,Puerto Ayora,EC,2021-10-03 06:39:39,-0.7393,-90.3518,68.99,92,71,8.55
49,Mayo,US,2021-10-03 06:39:39,38.8876,-76.5119,66.97,94,1,0.0
50,Tiksi,RU,2021-10-03 06:39:40,71.6872,128.8694,28.45,83,100,16.11
51,Rikitea,PF,2021-10-03 06:38:28,-23.1203,-134.9692,73.2,67,100,19.06
52,Bredasdorp,ZA,2021-10-03 06:39:40,-34.5322,20.0403,54.28,59,99,8.77
53,Kingaroy,AU,2021-10-03 06:39:41,-26.5333,151.8333,84.24,17,0,8.05
54,Pesaro,IT,2021-10-03 06:39:41,43.9036,12.8903,72.09,82,0,5.41
55,Kruisfontein,ZA,2021-10-03 06:39:42,-34.0033,24.7314,54.88,44,77,12.66
56,Kuala Terengganu,MY,2021-10-03 06:39:42,5.3302,103.1408,91.35,66,20,9.22
57,Atuona,PF,2021-10-03 06:35:54,-9.8,-139.0333,78.01,76,88,19.82
58,Yellowknife,CA,2021-10-03 06:39:43,62.456,-114.3525,49.41,94,40,10.36
59,Norman Wells,CA,2021-10-03 06:39:43,65.282,-126.8329,33.84,93,75,12.66
60,Eyl,SO,2021-10-03 06:39:44,7.9803,49.8164,80.56,72,100,16.55
61,Luderitz,NA,2021-10-03 06:39:44,-26.6481,15.1594,59.5,56,0,18.54
62,Tessalit,ML,2021-10-03 06:39:44,20.1986,1.0114,82.96,16,64,7.81
63,Smolenka,RU,2021-10-03 06:39:45,52.1352,113.4974,51.87,25,11,0.0
64,Carahue,CL,2021-10-03 06:39:45,-38.7,-73.1667,39.67,96,56,0.83
65,Piacabucu,BR,2021-10-03 06:39:46,-10.4056,-36.4344,74.95,83,18,11.3
66,Castro,BR,2021-10-03 06:39:46,-24.7911,-50.0119,59.22,98,100,1.07
67,Kahului,US,2021-10-03 06:38:34,20.8947,-156.47,78.84,84,20,9.22
68,Kapaa,US,2021-10-03 06:39:47,22.0752,-159.319,78.78,80,40,13.8
69,Ponta Delgada,PT,2021-10-03 06:39:47,37.7333,-25.6667,71.51,88,40,8.05
70,Ejido,VE,2021-10-03 06:39:48,8.5514,-71.2375,65.84,94,100,6.29
71,Korla,CN,2021-10-03 06:39:48,41.7597,86.1469,58.19,25,100,11.03
72,Tiznit,MA,2021-10-03 06:39:49,29.5833,-9.5,66.15,56,7,3.02
73,Buraydah,SA,2021-10-03 06:39:49,26.326,43.975,86.45,9,0,8.05
74,Antalaha,MG,2021-10-03 06:39:49,-14.9003,50.2788,79.18,63,14,9.71
75,Arrecife,ES,2021-10-03 06:39:50,28.963,-13.5477,71.67,83,20,13.8
76,Jinchang,CN,2021-10-03 06:39:51,38.4953,102.1739,54.25,27,100,7.11
77,Hautcharage,LU,2021-10-03 06:39:51,49.5775,5.9108,66.24,84,100,3.0
78,Port Macquarie,AU,2021-10-03 06:39:51,-31.4333,152.9167,73.38,60,16,10.13
79,Nagato,JP,2021-10-03 06:39:52,34.3833,131.2,80.55,57,0,5.17
80,North Platte,US,2021-10-03 06:37:44,41.1239,-100.7654,44.49,68,1,1.99
81,La Guacamaya,HN,2021-10-03 06:39:53,15.25,-87.8,62.71,98,79,2.04
82,Victoria,HK,2021-10-03 06:35:46,22.2855,114.1577,87.76,77,53,1.99
83,Provideniya,RU,2021-10-03 06:39:53,64.3833,-173.3,22.93,72,1,2.73
84,Surt,LY,2021-10-03 06:39:54,31.2089,16.5887,74.5,55,0,11.83
85,Bengkulu,ID,2021-10-03 06:39:54,-3.8004,102.2655,82.35,78,100,8.14
86,Rehoboth,NA,2021-10-03 06:39:55,-23.3167,17.0833,54.95,27,0,8.66
87,Hithadhoo,MV,2021-10-03 06:39:55,-0.6,73.0833,84.04,70,6,14.7
88,Kavieng,PG,2021-10-03 06:39:56,-2.5744,150.7967,84.63,66,26,5.23
89,Kashi,CN,2021-10-03 06:39:56,39.4547,75.9797,70.81,19,81,13.42
90,Henties Bay,NA,2021-10-03 06:39:56,-22.116,14.2845,52.86,81,4,2.62
91,Narsaq,GL,2021-10-03 06:39:57,60.9167,-46.05,43.02,52,0,6.06
92,Hasaki,JP,2021-10-03 06:39:57,35.7333,140.8333,82.29,67,0,8.63
93,Dikson,RU,2021-10-03 06:39:58,73.5069,80.5464,34.23,86,100,16.84
94,Saskylakh,RU,2021-10-03 06:39:58,71.9167,114.0833,20.07,95,79,7.05
95,Clyde,US,2021-10-03 06:37:05,41.3042,-82.9752,68.86,94,99,11.52
96,Laizhou,CN,2021-10-03 06:39:59,37.1717,119.9214,77.49,77,100,13.2
97,Salinas,US,2021-10-03 06:39:59,36.6777,-121.6555,71.56,94,1,0.0
98,Sijunjung,ID,2021-10-03 06:40:00,-0.6876,100.9537,86.5,60,97,2.98
99,Goderich,CA,2021-10-03 06:40:00,43.7501,-81.7165,65.91,88,100,10.36
100,Palu,ID,2021-10-03 06:40:01,-0.8917,119.8707,81.82,90,80,3.87
101,Shelburne,CA,2021-10-03 06:40:01,44.0787,-80.2041,63.05,77,99,8.25
102,Suzun,RU,2021-10-03 06:40:02,53.7841,82.3116,40.14,67,100,10.04
103,Waipawa,NZ,2021-10-03 06:40:03,-41.4122,175.5153,52.45,80,100,1.63
104,Soltsy,RU,2021-10-03 06:40:04,58.1239,30.3238,49.86,72,45,9.51
105,Carnarvon,AU,2021-10-03 06:40:04,-24.8667,113.6333,73.47,49,0,23.02
106,Kalat,PK,2021-10-03 06:40:05,29.0225,66.5916,75.38,16,32,8.48
107,Lamu,KE,2021-10-03 06:40:05,-2.2717,40.902,80.82,68,19,12.75
108,Pyaozerskiy,RU,2021-10-03 06:40:06,65.8333,31.1667,45.97,84,63,8.23
109,Beringovskiy,RU,2021-10-03 06:40:06,63.05,179.3167,36.46,98,100,4.21
110,Zhezkazgan,KZ,2021-10-03 06:40:07,47.8043,67.7144,50.59,56,100,13.6
111,Douentza,ML,2021-10-03 06:40:07,14.9951,-2.9517,83.48,53,25,6.2
112,Tasiilaq,GL,2021-10-03 06:40:07,65.6145,-37.6368,35.76,59,5,6.44
113,Aras,ES,2021-10-03 06:40:08,42.5617,-2.356,59.41,88,90,5.75
114,Esmeraldas,BR,2021-10-03 06:37:03,-19.7625,-44.3139,68.86,81,22,4.07
115,Nikolskoye,RU,2021-10-03 06:40:09,59.7035,30.7861,45.39,75,18,7.83
116,Codrington,AU,2021-10-03 06:40:09,-38.2667,141.9667,60.49,91,98,11.07
117,Kamaishi,JP,2021-10-03 06:40:09,39.2667,141.8833,76.15,69,0,7.34
118,Niquelandia,BR,2021-10-03 06:40:10,-14.4739,-48.4597,74.3,65,13,1.72
119,Faya,SA,2021-10-03 06:40:10,18.3851,42.4509,75.31,25,100,6.42
120,Torbay,CA,2021-10-03 06:35:36,47.6666,-52.7314,55.27,96,75,10.36
121,Barao De Melgaco,BR,2021-10-03 06:40:11,-16.1944,-55.9675,84.72,52,6,5.88
122,Outjo,NA,2021-10-03 06:40:11,-20.1167,16.15,66.2,14,1,12.01
123,Mount Isa,AU,2021-10-03 06:40:12,-20.7333,139.5,103.77,10,2,11.5
124,Hervey Bay,AU,2021-10-03 06:40:12,-25.2986,152.8535,78.04,84,0,12.71
125,Kirakira,SB,2021-10-03 06:40:13,-10.4544,161.9205,80.85,81,100,1.01
126,Mezen,RU,2021-10-03 06:40:13,65.8522,44.24,45.09,84,100,6.71
127,Tabas,IR,2021-10-03 06:40:14,33.5959,56.9244,88.02,13,0,4.61
128,Kedrovyy,RU,2021-10-03 06:40:14,56.1667,91.8167,36.01,61,100,8.75
129,Freeport,US,2021-10-03 06:35:51,40.6576,-73.5832,66.56,84,1,3.0
130,Yilan,TW,2021-10-03 06:40:15,24.757,121.753,93.06,63,0,8.08
131,Ambilobe,MG,2021-10-03 06:40:15,-13.2,49.05,92.23,21,13,12.08
132,Tres Lagoas,BR,2021-10-03 06:40:16,-20.7511,-51.6783,71.11,82,2,8.9
133,Garden City,US,2021-10-03 06:39:59,42.3256,-83.331,68.16,96,90,8.05
134,Igarka,RU,2021-10-03 06:40:16,67.4667,86.5833,29.73,88,96,6.42
135,Dingle,PH,2021-10-03 06:40:17,10.9995,122.6711,85.66,76,84,8.1
136,Shushtar,IR,2021-10-03 06:40:17,32.0455,48.8567,102.42,8,0,5.06
137,Leningradskiy,RU,2021-10-03 06:40:18,69.3833,178.4167,17.74,78,80,6.06
138,Esperance,AU,2021-10-03 06:40:18,-33.8667,121.9,58.84,49,30,22.37
139,Karratha,AU,2021-10-03 06:38:10,-20.7377,116.8463,82.71,25,4,13.78
140,Rio De Janeiro,BR,2021-10-03 06:38:36,-22.9028,-43.2075,71.6,88,75,4.61
141,Christchurch,NZ,2021-10-03 06:38:40,-43.5333,172.6333,54.91,77,100,7.0
142,Rio Gallegos,AR,2021-10-03 06:40:19,-51.6226,-69.2181,37.45,75,20,8.05
143,Turukhansk,RU,2021-10-03 06:40:19,65.8167,87.9833,36.86,73,92,2.71
144,Touros,BR,2021-10-03 06:40:20,-5.1989,-35.4608,74.3,86,42,13.15
145,Bambous Virieux,MU,2021-10-03 06:40:20,-20.3428,57.7575,76.21,94,75,18.41
146,San Joaquin,US,2021-10-03 06:40:21,37.9333,-121.3011,73.98,61,1,0.0
147,Tsabong,BW,2021-10-03 06:40:21,-26.0217,22.401,60.28,31,0,9.17
148,Vardo,NO,2021-10-03 06:40:22,70.3705,31.1107,46.51,85,79,25.37
149,Hobyo,SO,2021-10-03 06:40:22,5.3505,48.5268,83.41,70,89,15.79
150,Chino Valley,US,2021-10-03 06:40:23,34.7575,-112.4538,63.61,51,1,6.91
151,Upernavik,GL,2021-10-03 06:40:23,72.7868,-56.1549,30.56,77,100,7.43
152,Saint-Philippe,RE,2021-10-03 06:40:24,-21.3585,55.7679,78.39,68,40,14.67
153,Ukiah,US,2021-10-03 06:40:24,39.1502,-123.2078,71.65,47,1,0.0
154,Ballina,AU,2021-10-03 06:40:25,-28.8667,153.5667,86.18,53,0,13.8
155,Dawei,MM,2021-10-03 06:40:25,14.0833,98.2,84.76,74,92,5.19
156,Rio Rancho,US,2021-10-03 06:39:44,35.2334,-106.6645,62.78,63,1,1.01
157,Havre-Saint-Pierre,CA,2021-10-03 06:40:26,50.2334,-63.5986,46.76,93,90,10.36
158,Saint-Pierre,RE,2021-10-03 06:40:26,-21.3393,55.4781,78.48,63,0,6.91
159,Saint-Francois,FR,2021-10-03 06:40:26,46.4154,3.9054,68.68,64,0,20.71
160,Folkestone,GB,2021-10-03 06:40:27,51.0833,1.1833,51.98,90,100,11.23
161,Tuktoyaktuk,CA,2021-10-03 06:40:27,69.4541,-133.0374,34.75,92,100,19.26
162,Avarua,CK,2021-10-03 06:35:30,-21.2078,-159.775,75.25,78,75,6.91
163,Mattawa,US,2021-10-03 06:40:28,46.7379,-119.9028,56.86,47,8,4.05
164,Natal,BR,2021-10-03 06:40:29,-5.795,-35.2094,77.22,88,20,6.91
165,Shahpur,IN,2021-10-03 06:40:29,16.7,76.8333,86.74,58,26,5.5
166,Popondetta,PG,2021-10-03 06:40:30,-8.7537,148.2534,82.81,74,100,3.83
167,Vao,NC,2021-10-03 06:40:30,-22.6667,167.4833,71.65,92,55,16.04
168,Kupang,ID,2021-10-03 06:40:31,-10.1667,123.5833,84.34,62,100,11.32
169,Airai,TL,2021-10-03 06:40:31,-8.9266,125.4092,71.6,55,100,2.33
170,Ancud,CL,2021-10-03 06:40:31,-41.8697,-73.8203,42.33,84,44,5.46
171,Butaritari,KI,2021-10-03 06:40:32,3.0707,172.7902,82.8,66,28,16.49
172,Kasongo-Lunda,CD,2021-10-03 06:40:32,-6.4667,16.8167,76.91,72,58,1.5
173,Menongue,AO,2021-10-03 06:40:33,-14.6585,17.691,77.76,13,7,7.45
174,Kars,TR,2021-10-03 06:40:33,40.602,43.095,50.85,100,75,4.61
175,Auki,SB,2021-10-03 06:40:34,-8.7676,160.7034,79.38,85,66,1.3
176,Comodoro Rivadavia,AR,2021-10-03 06:38:14,-45.8667,-67.5,46.26,53,0,13.8
177,Guhagar,IN,2021-10-03 06:40:34,17.4842,73.1929,88.09,69,22,3.71
178,Katsuura,JP,2021-10-03 06:40:35,35.1333,140.3,77.18,71,0,10.04
179,Port Hardy,CA,2021-10-03 06:40:35,50.6996,-127.4199,50.0,93,75,6.91
180,Palenque,MX,2021-10-03 06:40:35,17.5167,-91.9667,72.57,94,98,3.13
181,Cherskiy,RU,2021-10-03 06:40:37,68.75,161.3,23.27,95,100,9.13
182,Aklavik,CA,2021-10-03 06:40:37,68.2191,-135.0107,34.63,95,100,15.82
183,Salalah,OM,2021-10-03 06:40:59,17.0151,54.0924,84.29,74,75,13.8
184,Tuatapere,NZ,2021-10-03 06:41:20,-46.1333,167.6833,49.82,87,100,4.61
185,Port Lincoln,AU,2021-10-03 06:41:21,-34.7333,135.8667,59.95,63,1,24.4
186,Ayan,RU,2021-10-03 06:41:21,56.45,138.1667,45.36,60,100,4.76
187,Jalu,LY,2021-10-03 06:41:21,29.0331,21.5482,71.87,52,4,10.07
188,Georgetown,MY,2021-10-03 06:41:22,5.4112,100.3354,89.55,66,20,5.01
189,Namatanai,PG,2021-10-03 06:41:22,-3.6667,152.4333,83.37,69,58,5.28
190,Chipinge,ZW,2021-10-03 06:41:23,-20.1883,32.6236,81.1,29,94,0.92
191,Hrodna,BY,2021-10-03 06:41:23,53.6884,23.8258,48.06,75,0,4.47
192,Haines Junction,CA,2021-10-03 06:41:24,60.7522,-137.5108,37.35,60,100,3.44
193,Berlevag,NO,2021-10-03 06:41:24,70.8578,29.0864,47.03,78,41,29.21
194,Guliston,UZ,2021-10-03 06:41:25,40.4897,68.7842,65.08,22,0,3.4
195,Lobito,AO,2021-10-03 06:41:25,-12.3481,13.5456,72.14,77,100,1.66
196,Deputatskiy,RU,2021-10-03 06:41:25,69.3,139.9,16.32,89,17,4.47
197,Hermanus,ZA,2021-10-03 06:41:26,-34.4187,19.2345,54.9,64,70,4.23
198,Luanda,AO,2021-10-03 06:36:35,-8.8368,13.2343,71.6,83,75,6.91
199,Paso De Los Toros,UY,2021-10-03 06:41:26,-32.8167,-56.5167,52.03,88,37,9.82
200,Khatanga,RU,2021-10-03 06:41:27,71.9667,102.5,24.17,88,57,5.64
201,Pechenga,RU,2021-10-03 06:41:27,69.5259,31.1703,45.46,84,26,16.67
202,Hofn,IS,2021-10-03 06:41:28,64.2539,-15.2082,44.89,78,97,17.9
203,Bathsheba,BB,2021-10-03 06:41:28,13.2167,-59.5167,84.81,70,20,21.85
204,Nipawin,CA,2021-10-03 06:41:28,53.3668,-104.0009,46.44,57,1,4.61
205,Ketchikan,US,2021-10-03 06:41:29,55.3422,-131.6461,44.58,85,100,7.78
206,Srikakulam,IN,2021-10-03 06:41:29,18.3,83.9,88.11,67,15,8.43
207,Fuyu,CN,2021-10-03 06:41:30,45.1833,124.8167,60.42,51,73,19.13
208,Ahipara,NZ,2021-10-03 06:41:30,-35.1667,173.1667,59.67,93,100,16.02
209,Juelsminde,DK,2021-10-03 06:41:31,55.7088,10.0167,60.35,89,100,24.25
210,Bethel,US,2021-10-03 06:38:56,41.3712,-73.414,62.04,89,1,0.0
211,Clyde River,CA,2021-10-03 06:41:31,70.4692,-68.5914,34.38,84,12,5.48
212,Chuy,UY,2021-10-03 06:41:32,-33.6971,-53.4616,52.99,93,8,5.32
213,Kangaatsiaq,GL,2021-10-03 06:41:32,68.3065,-53.4641,28.6,90,100,11.01
214,Kaitangata,NZ,2021-10-03 06:41:33,-46.2817,169.8464,50.94,76,100,6.04
215,Saldanha,ZA,2021-10-03 06:41:33,-33.0117,17.9442,48.25,58,100,7.43
216,Hoima,UG,2021-10-03 06:41:34,1.4356,31.3436,66.65,93,100,2.64
217,Sorong,ID,2021-10-03 06:41:34,-0.8833,131.25,79.03,84,100,10.6
218,Basudebpur,IN,2021-10-03 06:41:34,21.1353,86.7386,92.8,56,10,9.82
219,Severo-Kurilsk,RU,2021-10-03 06:41:35,50.6789,156.125,47.8,96,100,21.21
220,Sao Joao Da Barra,BR,2021-10-03 06:41:35,-21.6403,-41.0511,73.27,91,100,2.75
221,Homestead,US,2021-10-03 06:38:48,25.4687,-80.4776,82.0,84,90,5.99
222,Narkevychi,UA,2021-10-03 06:41:36,49.5172,26.6418,50.54,55,100,14.18
223,Metro,ID,2021-10-03 06:41:37,-5.1131,105.3067,88.92,52,79,8.12
224,Fomboni,KM,2021-10-03 06:41:37,-12.28,43.7425,77.05,78,99,15.39
225,Caravelas,BR,2021-10-03 06:41:37,-17.7125,-39.2481,74.03,88,14,9.64
226,Alice Town,BS,2021-10-03 06:41:38,25.7167,-79.3,81.72,64,68,19.04
227,Harbour Breton,CA,2021-10-03 06:41:38,47.4833,-55.7983,55.0,79,8,7.74
228,Tukrah,LY,2021-10-03 06:41:39,32.5341,20.5791,73.18,54,0,12.8
229,Lincoln,US,2021-10-03 06:37:53,40.8,-96.667,61.7,90,1,4.61
230,Quelimane,MZ,2021-10-03 06:41:40,-17.8786,36.8883,84.15,54,0,16.11
231,Margate,GB,2021-10-03 06:41:40,51.3813,1.3862,53.04,92,100,11.95
232,Begunitsy,RU,2021-10-03 06:41:41,59.5855,29.3176,42.39,72,9,9.66
233,Mahebourg,MU,2021-10-03 06:41:41,-20.4081,57.7,76.24,94,75,18.41
234,Nanortalik,GL,2021-10-03 06:41:42,60.1432,-45.2371,41.65,63,3,4.25
235,Labuan,MY,2021-10-03 06:41:42,5.2767,115.2417,87.96,83,20,0.0
236,Bontang,ID,2021-10-03 06:41:42,0.1333,117.5,83.77,76,57,4.23
237,Lagoa,PT,2021-10-03 06:41:43,39.05,-27.9833,68.94,84,100,7.83
238,Paracuru,BR,2021-10-03 06:41:43,-3.41,-39.0306,78.82,80,6,14.03
239,Itarema,BR,2021-10-03 06:41:44,-2.9248,-39.9167,78.64,80,12,15.39
240,Guasdualito,VE,2021-10-03 06:41:44,7.2424,-70.7324,71.83,98,76,5.46
241,Oistins,BB,2021-10-03 06:38:18,13.0667,-59.5333,84.29,70,20,21.85
242,Ishinomaki,JP,2021-10-03 06:41:45,38.4167,141.3,71.6,71,0,9.08
243,Plainview,US,2021-10-03 06:41:46,40.7765,-73.4673,66.06,82,1,1.99
244,Pahrump,US,2021-10-03 06:41:46,36.2083,-115.9839,76.1,21,0,1.01
245,Orlik,RU,2021-10-03 06:41:46,52.5178,99.825,34.32,60,100,3.24
246,Isangel,VU,2021-10-03 06:41:47,-19.55,169.2667,78.91,89,75,9.22
247,Belyy Yar,RU,2021-10-03 06:41:47,53.6039,91.3903,42.69,45,0,11.18
248,Boa Vista,BR,2021-10-03 06:41:48,2.8197,-60.6733,80.58,74,20,4.61
249,Cidreira,BR,2021-10-03 06:41:48,-30.1811,-50.2056,63.39,92,100,12.39
250,Ust-Nera,RU,2021-10-03 06:41:49,64.5667,143.2,32.27,67,91,1.5
251,Idrinskoye,RU,2021-10-03 06:41:49,54.3708,92.1358,43.25,43,99,9.89
252,Buenos Aires,AR,2021-10-03 06:41:41,-34.6132,-58.3772,51.53,73,0,9.22
253,Cerro De Pasco,PE,2021-10-03 06:41:50,-10.6833,-76.2667,37.35,86,98,1.23
254,Lat Yao,TH,2021-10-03 06:41:50,15.751,99.7893,90.16,60,100,0.94
255,Chazuta,PE,2021-10-03 06:41:51,-6.5742,-76.1367,72.91,93,18,2.19
256,Sarab,IR,2021-10-03 06:41:51,38.6066,44.9883,65.57,43,4,2.64
257,Mar Del Plata,AR,2021-10-03 06:41:52,-38.0023,-57.5575,47.12,65,0,3.0
258,Teahupoo,PF,2021-10-03 06:41:52,-17.8333,-149.2667,73.36,76,28,10.65
259,Pueblo Nuevo,MX,2021-10-03 06:41:53,23.3833,-105.3833,55.44,92,100,5.23
260,Mount Gambier,AU,2021-10-03 06:41:53,-37.8333,140.7667,58.91,88,75,17.27
261,Sovetskiy,RU,2021-10-03 06:41:54,61.3614,63.5842,37.26,53,99,10.65
262,Vysokogornyy,RU,2021-10-03 06:41:54,50.1167,139.15,42.93,72,100,6.46
263,Coquimbo,CL,2021-10-03 06:41:55,-29.9533,-71.3436,49.73,87,0,2.3
264,Vilyuysk,RU,2021-10-03 06:41:55,63.7553,121.6247,40.98,42,49,2.98
265,Itacarambi,BR,2021-10-03 06:41:55,-15.1022,-44.0919,74.95,37,4,3.51
266,Polis,CY,2021-10-03 06:41:56,35.0367,32.4264,78.62,76,0,7.72
267,Vostok,RU,2021-10-03 06:41:56,46.4856,135.8833,47.12,83,100,6.98
268,Raga,SS,2021-10-03 06:41:57,8.4596,25.678,75.67,77,98,5.53
269,Centralia,US,2021-10-03 06:41:57,46.7162,-122.9543,54.36,93,1,0.0
270,Pecos,US,2021-10-03 06:41:58,31.4229,-103.4932,68.31,48,1,3.44
271,Mackay,AU,2021-10-03 06:41:58,-21.15,149.2,83.05,65,0,18.41
272,Pagudpud,PH,2021-10-03 06:41:59,18.5616,120.7868,94.96,69,99,16.44
273,Azare,NG,2021-10-03 06:41:59,11.6765,10.1948,80.01,58,6,5.79
274,Sinnamary,GF,2021-10-03 06:42:00,5.3833,-52.95,79.39,81,45,8.05
275,Fethiye,TR,2021-10-03 06:42:00,36.6217,29.1164,75.07,28,0,4.85
276,Boma,GH,2021-10-03 06:42:00,7.0805,-2.1697,72.45,98,88,2.84
277,Kodiak,US,2021-10-03 06:42:01,57.79,-152.4072,38.71,56,90,12.66
278,Calama,CL,2021-10-03 06:42:01,-22.4667,-68.9333,48.69,22,0,4.76
279,Sumbe,AO,2021-10-03 06:42:02,-11.2061,13.8437,74.07,76,26,1.01
280,Oyama,JP,2021-10-03 06:42:02,36.3,139.8,81.54,55,6,7.4
281,Pitimbu,BR,2021-10-03 06:42:03,-7.4706,-34.8086,77.59,80,18,12.8
282,Carroll,US,2021-10-03 06:42:03,39.5501,-77.0164,61.9,88,1,0.0
283,Genhe,CN,2021-10-03 06:42:04,50.7833,121.5167,45.93,41,100,6.26
284,Adre,TD,2021-10-03 06:42:04,13.4667,22.2,82.63,32,15,6.98
285,Taltal,CL,2021-10-03 06:42:04,-25.4,-70.4833,56.91,77,1,0.81
286,Sterling,US,2021-10-03 06:39:23,39.0062,-77.4286,64.15,96,20,0.0
287,Pag,HR,2021-10-03 06:42:05,44.445,15.0575,59.58,75,0,13.22
288,Shimoda,JP,2021-10-03 06:42:06,34.6667,138.95,73.76,83,82,8.63
289,Ihosy,MG,2021-10-03 06:42:06,-22.4,46.1167,79.68,41,0,6.85
290,Pozo Colorado,PY,2021-10-03 06:42:07,-23.4923,-58.7972,74.75,87,71,5.64
291,Lorengau,PG,2021-10-03 06:42:07,-2.0226,147.2712,84.07,68,71,4.81
292,Sitka,US,2021-10-03 06:42:08,57.0531,-135.33,40.89,81,75,9.22
293,Araouane,ML,2021-10-03 06:42:08,18.9048,-3.5265,87.53,13,30,8.95
294,Los Llanos De Aridane,ES,2021-10-03 06:42:09,28.6585,-17.9182,67.75,83,75,12.66
295,Dharmadam,IN,2021-10-03 06:42:09,11.7833,75.4333,83.73,75,37,7.76
296,San Jeronimo,PE,2021-10-03 06:42:09,-11.9472,-75.2829,54.55,68,89,1.21
297,Lebu,CL,2021-10-03 06:42:10,-37.6167,-73.65,46.06,79,10,17.07
298,Port-Cartier,CA,2021-10-03 06:42:10,50.0334,-66.8654,44.82,91,100,6.69
299,Tocopilla,CL,2021-10-03 06:42:11,-22.092,-70.1979,59.97,70,26,7.92
300,Velika Obarska,BA,2021-10-03 06:42:11,44.8053,19.1642,53.89,53,0,5.57
301,Freistadt,AT,2021-10-03 06:42:12,48.511,14.5045,54.99,72,31,2.86
302,Domoni,KM,2021-10-03 06:42:12,-12.2569,44.5319,80.65,64,51,6.33
303,Namibe,AO,2021-10-03 06:42:12,-15.1961,12.1522,63.3,76,31,4.21
304,Kingisepp,RU,2021-10-03 06:42:13,59.3733,28.6134,50.45,70,7,9.86
305,San Vicente,AR,2021-10-03 06:42:13,-26.6167,-54.1333,63.99,99,100,4.0
306,Prince Rupert,CA,2021-10-03 06:42:09,54.3161,-130.3201,47.89,72,90,8.05
307,Lavrentiya,RU,2021-10-03 06:42:14,65.5833,-171.0,22.77,79,2,4.81
308,Avram Iancu,RO,2021-10-03 06:42:14,46.3833,22.7833,52.57,50,5,2.57
309,Virginia Beach,US,2021-10-03 06:40:10,36.8529,-75.978,68.05,88,75,10.36
310,Togur,RU,2021-10-03 06:42:15,58.3631,82.8265,36.93,79,100,7.29
311,Garwolin,PL,2021-10-03 06:42:15,51.8975,21.6147,54.05,72,100,12.62
312,Faanui,PF,2021-10-03 06:42:16,-16.4833,-151.75,79.23,71,2,10.31
313,Flin Flon,CA,2021-10-03 06:42:17,54.7682,-101.865,51.84,49,100,4.76
314,Birao,CF,2021-10-03 06:42:17,10.2849,22.7882,80.49,67,99,2.19
315,Fuyang,CN,2021-10-03 06:42:17,32.9,115.8167,95.11,44,83,11.25
316,Magistralnyy,RU,2021-10-03 06:42:18,56.1725,107.4458,40.57,72,100,5.91
317,Huntsville,US,2021-10-03 06:39:08,34.7304,-86.5861,71.85,94,90,1.01
318,Camopi,GF,2021-10-03 06:42:18,3.1655,-52.3158,69.98,100,98,0.78
319,El Ejido,ES,2021-10-03 06:42:19,36.7763,-2.8146,68.94,73,50,11.43
320,Klaksvik,FO,2021-10-03 06:42:19,62.2266,-6.589,52.72,90,100,26.55
321,Hirtshals,DK,2021-10-03 06:42:20,57.5881,9.9592,58.86,93,100,24.11
322,Lazaro Cardenas,MX,2021-10-03 06:39:20,17.9583,-102.2,76.53,85,83,4.09
323,Pangnirtung,CA,2021-10-03 06:42:20,66.1451,-65.7125,37.53,79,7,4.29
324,Pisco,PE,2021-10-03 06:42:21,-13.7,-76.2167,60.85,82,90,2.3
325,Tilhar,IN,2021-10-03 06:42:21,27.9833,79.7333,93.65,48,0,9.57
326,Sobolevo,RU,2021-10-03 06:42:22,54.4299,31.8996,45.61,70,100,7.65
327,Grand Gaube,MU,2021-10-03 06:42:22,-20.0064,57.6608,76.37,67,0,10.0
328,Pizarro,CO,2021-10-03 06:42:24,4.9533,-77.366,78.08,86,86,3.36
329,Geraldton,AU,2021-10-03 06:42:24,-28.7667,114.6,70.21,46,75,11.5
330,Cabo San Lucas,MX,2021-10-03 06:42:25,22.8909,-109.9124,79.14,76,99,3.11
331,Atasu,KZ,2021-10-03 06:42:25,48.6814,71.6433,46.09,43,100,14.29
332,Kirovskiy,RU,2021-10-03 06:42:26,45.0917,133.5136,63.79,73,100,16.98
333,Kasempa,ZM,2021-10-03 06:42:26,-13.4584,25.8338,80.22,46,98,4.56
334,Xai-Xai,MZ,2021-10-03 06:42:27,-25.0519,33.6442,72.77,86,100,16.64
335,Wasilla,US,2021-10-03 06:38:21,61.5814,-149.4394,36.82,91,90,0.0
336,Alofi,NU,2021-10-03 06:42:27,-19.0595,-169.9187,73.29,94,100,16.11
337,Rancho Palos Verdes,US,2021-10-03 06:42:28,33.7445,-118.387,81.1,45,0,1.99
338,Kunya,NG,2021-10-03 06:42:28,12.2233,8.5325,73.56,94,0,6.91
339,Orange Cove,US,2021-10-03 06:42:29,36.6244,-119.3137,71.26,55,90,0.0
340,Ostrovnoy,RU,2021-10-03 06:42:29,68.0531,39.5131,47.98,79,96,17.0
341,Aracaju,BR,2021-10-03 06:42:29,-10.9111,-37.0717,78.75,83,40,11.5
342,Yenagoa,NG,2021-10-03 06:42:30,4.9247,6.2642,77.95,88,100,4.61
343,Andrelandia,BR,2021-10-03 06:42:30,-21.7397,-44.3092,62.71,97,100,1.59
344,Taksimo,RU,2021-10-03 06:42:31,56.3444,114.8794,45.23,47,33,1.5
345,Yanam,IN,2021-10-03 06:42:31,16.7333,82.2167,90.0,56,34,5.91
346,Shihezi,CN,2021-10-03 06:39:07,44.3,86.0333,53.38,35,5,7.02
347,Altay,CN,2021-10-03 06:42:32,47.8667,88.1167,40.37,39,52,6.53
348,Eichstatt,DE,2021-10-03 06:42:32,48.8833,11.1833,56.37,93,75,2.3
349,Jacqueville,CI,2021-10-03 06:42:33,5.2052,-4.4146,76.91,88,100,4.74
350,Souillac,MU,2021-10-03 06:42:33,-20.5167,57.5167,76.35,94,75,18.41
351,Vila Velha,BR,2021-10-03 06:42:34,-20.3297,-40.2925,76.95,83,90,11.5
352,Najran,SA,2021-10-03 06:42:34,17.4924,44.1277,86.65,34,100,12.97
353,Shemordan,RU,2021-10-03 06:42:34,56.1856,50.3972,44.92,82,100,5.37
354,Bonavista,CA,2021-10-03 06:42:35,48.6499,-53.1147,56.12,87,66,9.15
355,Zaliznychne,UA,2021-10-03 06:42:35,45.7489,28.6147,58.1,51,5,9.62
356,Leh,IN,2021-10-03 06:42:36,34.1667,77.5833,57.24,31,13,6.67
357,Vetluzhskiy,RU,2021-10-03 06:42:36,58.3902,45.4654,45.82,88,100,1.23
358,Blythe,US,2021-10-03 06:42:37,33.6103,-114.5964,80.76,17,97,2.77
359,Jurm,AF,2021-10-03 06:42:37,36.8648,70.8342,67.24,38,0,7.38
360,Yeppoon,AU,2021-10-03 06:42:38,-23.1333,150.7333,94.78,59,0,15.68
361,Naze,JP,2021-10-03 06:42:38,28.3667,129.4833,83.32,63,0,17.25
362,Hirara,JP,2021-10-03 06:42:39,24.8,125.2833,87.66,70,40,14.97
363,Aasiaat,GL,2021-10-03 06:42:39,68.7098,-52.8699,20.14,96,100,8.08
364,Marsaxlokk,MT,2021-10-03 06:42:40,35.8419,14.5431,69.08,83,20,9.22
365,Marawi,PH,2021-10-03 06:42:40,7.9986,124.2928,73.65,83,100,5.17
366,Banda Aceh,ID,2021-10-03 06:40:06,5.5577,95.3222,82.74,73,100,4.76
367,Rudnichnyy,RU,2021-10-03 06:42:42,59.617,52.4703,41.88,69,49,5.64
368,Yugorsk,RU,2021-10-03 06:43:03,61.3133,63.3319,37.54,52,100,10.56
369,Batemans Bay,AU,2021-10-03 06:43:25,-35.7167,150.1833,70.2,67,93,5.21
370,Sistranda,NO,2021-10-03 06:43:25,63.7256,8.834,57.9,68,100,34.47
371,Big Rapids,US,2021-10-03 06:43:26,43.6981,-85.4837,67.64,95,90,3.44
372,Bubaque,GW,2021-10-03 06:43:26,11.2833,-15.8333,81.41,77,80,10.16
373,Sulangan,PH,2021-10-03 06:43:27,11.1373,123.7228,84.67,72,83,10.92
374,Westport,US,2021-10-03 06:43:27,41.1415,-73.3579,66.34,85,1,3.0
375,Buala,SB,2021-10-03 06:43:27,-8.145,159.5921,81.12,80,35,3.15
376,Cardston,CA,2021-10-03 06:43:28,49.2,-113.3019,60.89,27,100,12.66
377,Jardim,BR,2021-10-03 06:43:28,-21.4803,-56.1381,73.08,83,0,4.76
378,Broome,US,2021-10-03 06:43:29,42.2506,-75.833,59.58,78,1,6.91
379,Terme,TR,2021-10-03 06:43:30,41.2092,36.9739,60.96,78,91,4.68
380,Marapanim,BR,2021-10-03 06:43:30,-0.7175,-47.6997,73.67,92,23,2.44
381,Khilok,RU,2021-10-03 06:43:30,51.3674,110.4676,42.22,67,100,7.65
382,Half Moon Bay,US,2021-10-03 06:43:31,37.4636,-122.4286,72.45,64,1,4.61
383,Talara,PE,2021-10-03 06:43:31,-4.5772,-81.2719,64.15,80,82,14.18
384,Goldap,PL,2021-10-03 06:43:31,54.3063,22.3036,53.38,75,34,14.61
385,Agirish,RU,2021-10-03 06:43:32,61.9247,63.0231,37.04,53,95,10.18
386,Bouna,CI,2021-10-03 06:43:32,9.2667,-3.0,72.84,94,23,5.68
387,Ratangarh,IN,2021-10-03 06:43:33,28.0833,74.6,94.32,41,6,11.12
388,Kulu,TR,2021-10-03 06:43:33,39.0951,33.0799,57.31,48,0,8.9
389,Urumqi,CN,2021-10-03 06:43:34,43.801,87.6005,49.15,46,0,6.71
390,Simao,CN,2021-10-03 06:43:34,22.7886,100.9748,73.06,85,89,3.42
391,Ripoll,ES,2021-10-03 06:43:35,42.2006,2.1903,66.78,84,100,5.68
392,Maragogi,BR,2021-10-03 06:43:35,-9.0122,-35.2225,75.33,82,8,12.41
393,Kargopol,RU,2021-10-03 06:43:36,61.5071,38.9456,44.01,81,100,4.32
394,Camacha,PT,2021-10-03 06:43:36,33.0833,-16.3333,67.42,73,40,10.36
395,Kabare,CD,2021-10-03 06:43:36,-2.4683,28.8242,69.85,75,100,2.04
396,Norfolk,US,2021-10-03 06:43:37,42.1668,-71.2495,61.47,90,10,3.78
397,Vitim,RU,2021-10-03 06:43:37,59.4511,112.5578,42.91,48,95,4.85
398,Hackettstown,US,2021-10-03 06:43:38,40.854,-74.8291,59.65,85,23,0.0
399,Rapid Valley,US,2021-10-03 06:43:38,44.0625,-103.1463,61.05,54,1,1.01
400,Obidos,BR,2021-10-03 06:43:38,-1.9175,-55.5181,72.72,95,100,2.98
401,Tautira,PF,2021-10-03 06:43:39,-17.7333,-149.15,78.82,76,24,9.84
402,Abha,SA,2021-10-03 06:43:39,18.2164,42.5053,75.02,20,0,6.91
403,La Mesa,US,2021-10-03 06:41:33,32.7678,-117.0231,76.64,47,1,0.0
404,Cozumel,MX,2021-10-03 06:43:40,20.5083,-86.9458,78.78,88,40,3.44
405,Kudahuvadhoo,MV,2021-10-03 06:43:40,2.6708,72.8944,83.14,74,15,14.23
406,Soyo,AO,2021-10-03 06:43:41,-6.1349,12.3689,75.25,81,100,6.33
407,Egvekinot,RU,2021-10-03 06:43:41,66.3167,-179.1667,16.05,97,98,2.86
408,Santa Engracia,ES,2021-10-03 06:43:42,41.9406,-1.3245,66.81,60,100,11.54
409,Cravo Norte,CO,2021-10-03 06:43:42,6.3017,-70.2041,75.65,87,86,5.12
410,Neiafu,TO,2021-10-03 06:43:43,-18.65,-173.9833,75.88,88,90,10.36
411,Sechura,PE,2021-10-03 06:43:43,-5.5569,-80.8222,62.29,82,25,6.8
412,Coos Bay,US,2021-10-03 06:43:44,43.3665,-124.2179,55.02,93,1,3.44
413,Araquari,BR,2021-10-03 06:43:44,-26.3703,-48.7211,73.13,98,100,1.77
414,Saint George,US,2021-10-03 06:43:44,37.1041,-113.5841,70.39,25,1,1.01
415,Harper,LR,2021-10-03 06:43:45,4.375,-7.7169,77.2,85,90,3.33
416,Gandia,ES,2021-10-03 06:43:45,38.9667,-0.1833,74.62,70,100,1.99
417,Road Town,VG,2021-10-03 06:43:46,18.4167,-64.6167,84.2,73,100,19.44
418,Preobrazheniye,RU,2021-10-03 06:43:46,42.9019,133.9064,63.91,94,100,16.55
419,Awbari,LY,2021-10-03 06:43:47,26.5921,12.7805,76.57,35,2,8.48
420,Yar-Sale,RU,2021-10-03 06:43:47,66.8333,70.8333,35.89,58,99,13.11
421,Mangai,CD,2021-10-03 06:43:47,-4.05,19.5333,74.07,89,100,0.76
422,Algiers,DZ,2021-10-03 06:38:56,36.7525,3.042,58.82,82,0,0.0
423,Vryburg,ZA,2021-10-03 06:43:48,-26.9566,24.7284,58.64,38,0,10.11
424,Abu Kamal,SY,2021-10-03 06:43:49,34.4506,40.9171,84.31,34,0,17.47
425,West Plains,US,2021-10-03 06:39:03,36.7281,-91.8524,67.03,98,20,1.99
426,Potsdam,DE,2021-10-03 06:43:49,52.3989,13.0657,59.95,81,100,10.33
427,Petropavlovsk-Kamchatskiy,RU,2021-10-03 06:43:50,53.0452,158.6483,46.99,81,90,15.66
428,Mwinilunga,ZM,2021-10-03 06:43:50,-11.7358,24.4293,68.7,73,100,3.36
429,Zeya,RU,2021-10-03 06:43:50,53.75,127.2667,45.9,44,69,6.24
430,Qaqortoq,GL,2021-10-03 06:43:51,60.7167,-46.0333,43.3,67,0,5.66
431,Mountain Home,US,2021-10-03 06:43:51,43.133,-115.6912,57.78,57,1,3.44
432,Biltine,TD,2021-10-03 06:43:52,14.5333,20.9167,89.08,20,32,14.65
433,Nome,US,2021-10-03 06:43:52,64.5011,-165.4064,28.47,86,1,6.91
434,Elmira,US,2021-10-03 06:38:59,42.0898,-76.8077,59.9,95,1,0.0
435,Axim,GH,2021-10-03 06:43:53,4.8699,-2.2405,77.0,89,100,4.83
436,Cabra,ES,2021-10-03 06:43:53,37.4725,-4.4421,61.9,79,16,4.23
437,Phalodi,IN,2021-10-03 06:43:54,27.1333,72.3667,94.51,39,5,13.09
438,Miramar,US,2021-10-03 06:43:54,25.9873,-80.2323,82.0,73,20,6.91
439,Pevek,RU,2021-10-03 06:43:55,69.7008,170.3133,25.25,91,100,14.65
440,Aksarka,RU,2021-10-03 06:43:55,66.5606,67.7975,35.24,64,85,11.32
441,Noumea,NC,2021-10-03 06:43:55,-22.2763,166.4572,80.58,79,100,4.03
442,Kiruna,SE,2021-10-03 06:41:11,67.8557,20.2251,41.92,87,90,14.97
443,Coihaique,CL,2021-10-03 06:43:56,-45.5752,-72.0662,37.35,81,0,3.44
444,Valley City,US,2021-10-03 06:43:56,46.9233,-98.0032,50.99,100,1,0.0
445,Andenes,NO,2021-10-03 06:43:57,69.3143,16.1194,52.07,76,90,14.97
446,Constitucion,CL,2021-10-03 06:43:58,-35.3333,-72.4167,45.95,65,0,11.83
447,Borogontsy,RU,2021-10-03 06:43:58,62.6683,131.1683,38.14,60,90,2.48
448,Ilam,NP,2021-10-03 06:43:59,26.9167,87.9167,73.38,81,78,3.65
449,Kipushi,CD,2021-10-03 06:43:59,-11.7667,27.2333,69.35,44,20,5.08
450,Muyezerskiy,RU,2021-10-03 06:44:00,63.9333,31.65,45.82,80,20,7.43
451,Tinaquillo,VE,2021-10-03 06:44:00,9.9186,-68.3047,70.23,95,88,2.77
452,Anloga,GH,2021-10-03 06:44:01,5.7947,0.8973,77.22,82,38,11.65
453,Kurtamysh,RU,2021-10-03 06:44:02,54.9103,64.4319,38.57,83,100,9.98
454,Semey,KZ,2021-10-03 06:44:02,50.4111,80.2275,46.62,46,75,11.18
455,Manokwari,ID,2021-10-03 06:44:02,-0.8667,134.0833,80.22,80,100,4.18
456,Porto Belo,BR,2021-10-03 06:44:03,-27.1578,-48.5531,71.17,93,100,3.62
457,Kavaratti,IN,2021-10-03 06:44:03,10.5669,72.642,80.35,82,99,7.31
458,Gushikawa,JP,2021-10-03 06:44:04,26.3544,127.8686,85.23,72,90,20.71
459,Bac Lieu,VN,2021-10-03 06:44:04,9.285,105.7244,80.28,84,100,6.13
460,San Cristobal,VE,2021-10-03 06:42:42,7.7669,-72.225,65.05,90,100,1.34
461,Turiacu,BR,2021-10-03 06:44:05,-1.6633,-45.3717,73.83,92,15,4.32
462,La Romana,DO,2021-10-03 06:44:05,18.4273,-68.9728,80.33,83,100,6.38
463,Northam,GB,2021-10-03 06:44:06,51.0333,-4.2167,55.09,82,22,17.9
464,Abu Dhabi,AE,2021-10-03 06:40:32,24.4667,54.3667,96.91,63,100,4.61
465,Paamiut,GL,2021-10-03 06:44:07,61.994,-49.6678,39.49,64,8,8.97
466,Kovur,IN,2021-10-03 06:44:07,14.4833,79.9833,92.64,50,35,11.59
467,Havre,FR,2021-10-03 06:44:07,49.5833,0.3333,52.34,95,100,10.09
468,Wewak,PG,2021-10-03 06:44:08,-3.5534,143.6268,84.51,71,94,6.49
469,Xiaolingwei,CN,2021-10-03 06:44:08,32.0333,118.85,93.18,41,41,9.62
470,Kindu,CD,2021-10-03 06:44:09,-2.95,25.95,69.46,99,100,1.63
471,Mahibadhoo,MV,2021-10-03 06:44:09,3.7833,72.9667,82.92,75,15,14.18
472,Inuvik,CA,2021-10-03 06:44:10,68.3499,-133.7218,34.81,100,90,12.66
473,College,US,2021-10-03 06:44:10,64.8569,-147.8028,34.59,96,90,3.44
474,Vavuniya,LK,2021-10-03 06:44:11,8.7514,80.4971,90.91,51,100,4.38
475,Ambon,ID,2021-10-03 06:44:11,-3.6954,128.1814,84.34,74,40,5.75
476,Ghanzi,BW,2021-10-03 06:44:11,-21.5667,21.7833,66.69,16,0,13.65
477,Vilhena,BR,2021-10-03 06:44:12,-12.7406,-60.1458,68.97,88,100,5.84
478,Lunec,PH,2021-10-03 06:44:12,15.9524,120.4912,85.68,75,99,6.69
479,Laguna,US,2021-10-03 06:44:13,38.421,-121.4238,74.41,48,1,3.44
480,Calawag,PH,2021-10-03 06:44:13,10.6697,119.5707,83.66,75,87,3.15
481,Ongandjera,NA,2021-10-03 06:44:14,-17.8833,15.0667,66.65,20,66,6.93
482,Merauke,ID,2021-10-03 06:44:14,-8.4667,140.3333,82.35,67,93,6.62
483,Makakilo City,US,2021-10-03 06:44:15,21.3469,-158.0858,79.12,67,40,3.44
484,Botwood,CA,2021-10-03 06:44:16,49.1499,-55.3482,52.9,98,86,1.03
485,Guerrero Negro,MX,2021-10-03 06:44:16,27.9769,-114.0611,72.59,77,5,8.08
486,Carutapera,BR,2021-10-03 06:44:16,-1.195,-46.02,77.31,81,74,6.67
487,Pacet,ID,2021-10-03 06:44:17,-8.0786,111.8818,84.04,59,46,11.32
488,Ratnagiri,IN,2021-10-03 06:39:19,16.9833,73.3,87.55,68,14,3.44
489,Tucuman,AR,2021-10-03 06:40:16,-26.8241,-65.2226,62.6,72,75,8.05
490,Mae Ramat,TH,2021-10-03 06:44:18,16.984,98.5166,88.12,54,44,3.42
491,Galle,LK,2021-10-03 06:44:18,6.0367,80.217,83.53,71,31,10.92
492,Bud,US,2021-10-03 06:44:19,39.447,-86.1758,69.89,94,100,11.23
493,Manggar,ID,2021-10-03 06:40:58,-2.8833,108.2667,85.32,62,99,8.1
494,Saint-Augustin,CA,2021-10-03 06:43:08,51.226,-58.6502,42.17,90,100,8.99
495,Orlovskiy,RU,2021-10-03 06:44:21,46.8714,42.0592,55.81,43,7,18.97
496,Zyryanka,RU,2021-10-03 06:44:21,65.75,150.85,31.48,69,98,8.12
497,Siniscola,IT,2021-10-03 06:44:21,40.5719,9.6922,56.75,72,0,2.93
498,Soe,ID,2021-10-03 06:44:22,-9.8607,124.284,78.4,51,100,8.72
499,Dunedin,NZ,2021-10-03 06:40:10,-45.8742,170.5036,50.81,82,100,3.0
500,Matnog,PH,2021-10-03 06:44:23,12.5878,124.0875,84.54,74,100,13.27
501,Kaspiysk,RU,2021-10-03 06:44:23,42.8816,47.6392,62.78,72,75,13.0
502,Agdas,AZ,2021-10-03 06:44:23,40.65,47.4761,60.67,71,100,1.5
503,Pangkalanbuun,ID,2021-10-03 06:44:24,-2.6833,111.6167,83.16,76,93,4.27
504,Imbituba,BR,2021-10-03 06:44:24,-28.24,-48.6703,67.89,96,92,7.76
505,Springbok,ZA,2021-10-03 06:44:25,-29.6643,17.8865,41.58,49,0,12.66
506,Crotone,IT,2021-10-03 06:44:25,39.0851,17.1178,67.95,100,0,2.3
507,Del Rio,US,2021-10-03 06:44:26,29.3627,-100.8968,78.91,83,1,5.75
508,Jinka,ET,2021-10-03 06:44:26,5.65,36.65,72.84,62,35,3.06
509,Lixourion,GR,2021-10-03 06:44:26,38.2019,20.4314,66.2,55,0,0.0
510,Poronaysk,RU,2021-10-03 06:44:27,49.2167,143.1167,52.5,52,3,9.71
511,Matamoros,MX,2021-10-03 06:44:27,25.5333,-103.25,75.11,54,57,12.66
512,Belmonte,BR,2021-10-03 06:44:28,-15.8631,-38.8828,73.9,90,17,7.87
513,Fukuma,JP,2021-10-03 06:44:28,33.7667,130.4667,91.29,49,0,0.89
514,Lipin Bor,RU,2021-10-03 06:44:29,60.2622,37.9763,45.18,79,97,6.15
515,Morro Bay,US,2021-10-03 06:44:29,35.3658,-120.8499,73.13,60,0,3.04
516,La Ronge,CA,2021-10-03 06:42:37,55.1001,-105.2842,55.65,47,90,3.44
517,Wad Rawah,SD,2021-10-03 06:44:30,15.1603,33.1397,93.36,16,63,9.82
518,Puerto Del Rosario,ES,2021-10-03 06:44:30,28.5004,-13.8627,71.35,83,20,19.57
519,Alice,US,2021-10-03 06:44:31,27.7523,-98.0697,78.37,100,1,4.61
520,Cayenne,GF,2021-10-03 06:44:36,4.9333,-52.3333,79.09,87,20,0.0
521,Umm Lajj,SA,2021-10-03 06:44:37,25.0213,37.2685,85.77,49,0,15.17
522,Savonlinna,FI,2021-10-03 06:44:37,61.8699,28.88,44.26,93,0,2.3
523,Ahuimanu,US,2021-10-03 06:44:38,21.4447,-157.8378,80.31,69,20,6.91
524,Hay River,CA,2021-10-03 06:44:38,60.8156,-115.7999,44.58,61,40,9.22
525,Sungaipenuh,ID,2021-10-03 06:44:02,-2.0833,101.3833,78.89,62,97,3.42
526,Melville,US,2021-10-03 06:44:39,40.7934,-73.4151,66.15,82,1,1.99
527,Jumla,NP,2021-10-03 06:44:40,29.2747,82.1838,69.31,60,82,6.2
528,Puerto Baquerizo Moreno,EC,2021-10-03 06:44:40,-0.9,-89.6,68.58,91,48,13.87
529,Moron,AR,2021-10-03 06:44:40,-34.6534,-58.6198,51.55,79,0,3.0
530,Rumoi,JP,2021-10-03 06:44:41,43.9344,141.6428,59.99,58,7,9.82
531,Paka,MY,2021-10-03 06:44:41,4.6374,103.4368,89.53,58,40,6.91
532,Nhulunbuy,AU,2021-10-03 06:44:42,-12.2333,136.7667,86.61,66,100,11.5
533,Gandajika,CD,2021-10-03 06:44:42,-6.75,23.95,75.78,71,100,4.07
534,Coahuayana,MX,2021-10-03 06:44:43,18.7333,-103.6833,75.34,90,46,2.98
535,Sault Sainte Marie,CA,2021-10-03 06:41:05,46.5168,-84.3333,62.89,97,90,4.61
536,Belaya Gora,RU,2021-10-03 06:44:43,68.5333,146.4167,26.2,81,63,4.47
537,Dwarka,IN,2021-10-03 06:44:44,22.2394,68.9678,84.52,73,12,7.83
538,Kantunilkin,MX,2021-10-03 06:44:44,21.0917,-87.45,78.64,98,31,2.26
539,Oranjemund,NA,2021-10-03 06:44:45,-28.55,16.4333,55.27,59,0,21.12
540,Asfi,MA,2021-10-03 06:44:45,32.2994,-9.2372,64.87,90,17,9.22
541,Amapa,BR,2021-10-03 06:43:04,1.0,-52.0,69.87,99,8,2.42
542,Nantucket,US,2021-10-03 06:40:44,41.2835,-70.0995,66.96,89,1,11.5
543,Fairbanks,US,2021-10-03 06:42:14,64.8378,-147.7164,34.61,95,90,0.0
544,Kenai,US,2021-10-03 06:44:46,60.5544,-151.2583,40.14,68,90,11.5
545,Vestmannaeyjar,IS,2021-10-03 06:44:47,63.4427,-20.2734,42.8,75,92,27.83
546,Tornio,FI,2021-10-03 06:44:47,65.8481,24.1466,46.42,90,98,15.52
547,Naro Moru,KE,2021-10-03 06:44:47,-0.1676,37.0213,70.65,50,86,3.89
548,Ratlam,IN,2021-10-03 06:44:48,23.3167,75.0667,85.19,67,27,5.97
549,Quirinopolis,BR,2021-10-03 06:44:48,-18.4483,-50.4517,77.25,55,6,1.7
550,Ampanihy,MG,2021-10-03 06:44:49,-24.7,44.75,91.15,22,5,4.36
551,Edgewater,US,2021-10-03 06:44:49,28.9889,-80.9023,78.03,81,68,6.24
552,San Patricio,US,2021-10-03 06:45:11,28.017,-97.5169,80.44,81,100,4.29
553,Shache,CN,2021-10-03 06:45:26,38.4167,77.2406,74.8,17,10,13.27
554,Poum,NC,2021-10-03 06:45:26,-20.2333,164.0167,76.05,82,54,10.36
555,Pochutla,MX,2021-10-03 06:45:27,15.7432,-96.4661,76.82,91,97,4.32
556,Avera,US,2021-10-03 06:45:27,33.194,-82.5271,69.71,83,61,5.91
557,Mao,ES,2021-10-03 06:45:28,39.8885,4.2658,73.96,78,40,10.36
558,Santiago,CL,2021-10-03 06:42:45,-33.4569,-70.6483,52.86,55,0,9.22
559,Chardara,KZ,2021-10-03 06:41:16,41.2547,67.9692,60.69,24,4,6.4
560,Nabire,ID,2021-10-03 06:45:29,-3.3667,135.4833,80.74,85,100,2.57
